"Status","Start Time","Stop Time","Duration in ms","Parent Suite","Suite","Sub Suite","Test Class","Test Method","Name","Description"
"passed","Thu Oct 08 20:40:49 UTC 2026","Thu Oct 08 20:40:49 UTC 2026","7","tests.chaos","test_boundary_faults","","","","test_invalid_token_boundary_faults[Bearer null]",""
"passed","Thu Oct 08 20:40:50 UTC 2026","Thu Oct 08 20:40:50 UTC 2026","0","tests.contract","test_contracts","TestContractIntegrity","","","test_schema_fails_on_type_mismatch",""
"passed","Thu Oct 08 20:40:49 UTC 2026","Thu Oct 08 20:40:49 UTC 2026","7","tests.chaos","test_boundary_faults","","","","test_missing_required_payload_fields",""
"passed","Thu Oct 08 20:40:49 UTC 2026","Thu Oct 08 20:40:49 UTC 2026","8","tests.chaos","test_boundary_faults","","","","test_malformed_json_payload_rejection",""
"passed","Thu Oct 08 20:40:50 UTC 2026","Thu Oct 08 20:40:50 UTC 2026","90","tests.chaos","test_race_conditions","","","","test_concurrent_purchases_prevent_overselling",""
"passed","Thu Oct 08 20:40:50 UTC 2026","Thu Oct 08 20:40:50 UTC 2026","1","tests.contract","test_contracts","TestContractIntegrity","","","test_factory_generates_valid_pydantic_instance",""
"passed","Thu Oct 08 20:40:50 UTC 2026","Thu Oct 08 20:40:50 UTC 2026","0","tests.contract","test_contracts","TestContractIntegrity","","","test_schema_fails_on_extra_unexpected_field",""
"passed","Thu Oct 08 20:40:50 UTC 2026","Thu Oct 08 20:40:50 UTC 2026","25","tests.functional","test_orders","","","","test_order_placement_transactional_integrity",""
"passed","Thu Oct 08 20:40:50 UTC 2026","Thu Oct 08 20:40:50 UTC 2026","6","tests.contract","test_client","","","","test_client_schema_validation_error_on_mismatched_response",""
"passed","Thu Oct 08 20:40:49 UTC 2026","Thu Oct 08 20:40:49 UTC 2026","101","tests.chaos","test_boundary_faults","","","","test_rate_limiting_enforcement",""
"passed","Thu Oct 08 20:40:50 UTC 2026","Thu Oct 08 20:40:50 UTC 2026","21","tests.functional","test_orders","","","","test_insufficient_funds_state_rollback",""
"passed","Thu Oct 08 20:40:49 UTC 2026","Thu Oct 08 20:40:49 UTC 2026","8","tests.chaos","test_boundary_faults","","","","test_invalid_token_boundary_faults[Bearer]",""
"passed","Thu Oct 08 20:40:50 UTC 2026","Thu Oct 08 20:40:50 UTC 2026","1","tests.contract","test_contracts","TestContractIntegrity","","","test_schema_fails_on_invalid_enum_state",""
"passed","Thu Oct 08 20:40:49 UTC 2026","Thu Oct 08 20:40:49 UTC 2026","9","tests.chaos","test_boundary_faults","","","","test_invalid_token_boundary_faults[]",""
"passed","Thu Oct 08 20:40:50 UTC 2026","Thu Oct 08 20:40:50 UTC 2026","32","tests.chaos","test_race_conditions","","","","test_serialized_purchases_baseline",""
"passed","Thu Oct 08 20:40:49 UTC 2026","Thu Oct 08 20:40:49 UTC 2026","8","tests.chaos","test_boundary_faults","","","","test_invalid_token_boundary_faults[Basic dXNlcjpwYXNz]",""
"passed","Thu Oct 08 20:40:49 UTC 2026","Thu Oct 08 20:40:50 UTC 2026","509","tests.chaos","test_boundary_faults","","","","test_client_timeout_handling",""
"passed","Thu Oct 08 20:40:50 UTC 2026","Thu Oct 08 20:40:50 UTC 2026","7","tests.contract","test_client","","","","test_client_raises_api_client_error_on_connection_drop",""
"passed","Thu Oct 08 20:40:49 UTC 2026","Thu Oct 08 20:40:49 UTC 2026","11","tests.chaos","test_boundary_faults","","","","test_invalid_token_boundary_faults[Bearer eyJhbGciOiJIUzI1NiIsInR5cCI6IkpXVCJ9.eyJzdWIiOiJ0ZXN0IiwiZXhwIjoxNzkxNDg4NDQ5LjM4NTU4NX0.ENhTNNlxmPgk0CuE_Jl01zNJR84YvAUGdVPNACrXs1Q]",""
"passed","Thu Oct 08 20:40:49 UTC 2026","Thu Oct 08 20:40:49 UTC 2026","9","tests.chaos","test_boundary_faults","","","","test_invalid_token_boundary_faults[Bearer malformed.token.signature]",""
